,Cluster_0,Cluster_1,Cluster_2,Cluster_3,Cluster_4
size,44546.0,16809.0,46161.0,46121.0,46363.0
avg_conversion_rate,0.054282314910429674,0.08061098221191029,0.049410108099911185,0.11633876108497214,0.09909626210555834
avg_roi,3.6988452386297315,5.012288059967874,6.504422997768679,6.047979662192927,3.715844962577918
avg_acquisition_cost,12483.03136084048,12486.142185733834,12509.712267931804,12533.9828494612,12496.80301102172
avg_engagement_score,7.799824900103264,5.435064548753644,4.053963302354802,7.315149281238481,2.9250911287017667
avg_engagement_rate,0.1090675078310945,0.4842212383474848,0.10873515224792017,0.10865959759644168,0.1089767789810681
